LeadId,AssignedToEmp,BusinessName,OwnerFirst,OwnerLast,Email,PhoneNumber,Address,Website,Status,Notes,LastCOntactedAt
1,75,Feedbug,Jarad,Weyland,jweyland0@hud.gov,411-660-0910,423 Walton Alley,http://shinystat.com/phasellus/id.jsp?in=in&faucibus=felis&orci=eu&luctus=sapien&et=cursus&ultrices=vestibulum&posuere=proin&cubilia=eu&curae=mi&mauris=nulla&viverra=ac&diam=enim&vitae=in&quam=tempor&suspendisse=turpis&potenti=nec&nullam=euismod&porttitor=scelerisque&lacus=quam&at=turpis&turpis=adipiscing&donec=lorem&posuere=vitae&metus=mattis&vitae=nibh&ipsum=ligula&aliquam=nec&non=sem&mauris=duis&morbi=aliquam&non=convallis&lectus=nunc&aliquam=proin&sit=at&amet=turpis&diam=a&in=pede&magna=posuere&bibendum=nonummy&imperdiet=integer&nullam=non&orci=velit&pede=donec&venenatis=diam&non=neque&sodales=vestibulum&sed=eget&tincidunt=vulputate&eu=ut&felis=ultrices&fusce=vel&posuere=augue&felis=vestibulum&sed=ante&lacus=ipsum,Negotiating,Passed along to partner,4/16/2024
2,4,Gabspot,Nessa,McMurty,nmcmurty1@weebly.com,260-462-2012,87 Declaration Parkway,http://hostgator.com/pellentesque/volutpat/dui/maecenas/tristique/est.json?nibh=fusce&in=posuere&hac=felis&habitasse=sed&platea=lacus&dictumst=morbi&aliquam=sem&augue=mauris&quam=laoreet&sollicitudin=ut&vitae=rhoncus&consectetuer=aliquet&eget=pulvinar&rutrum=sed&at=nisl&lorem=nunc&integer=rhoncus&tincidunt=dui&ante=vel&vel=sem&ipsum=sed&praesent=sagittis&blandit=nam&lacinia=congue&erat=risus&vestibulum=semper&sed=porta&magna=volutpat&at=quam&nunc=pede&commodo=lobortis&placerat=ligula&praesent=sit&blandit=amet&nam=eleifend&nulla=pede&integer=libero&pede=quis&justo=orci&lacinia=nullam&eget=molestie&tincidunt=nibh&eget=in&tempus=lectus&vel=pellentesque&pede=at&morbi=nulla&porttitor=suspendisse&lorem=potenti&id=cras&ligula=in&suspendisse=purus&ornare=eu&consequat=magna&lectus=vulputate&in=luctus&est=cum&risus=sociis&auctor=natoque&sed=penatibus&tristique=et&in=magnis&tempus=dis&sit=parturient,Negotiating,Shared use case,3/14/2025
3,77,Twiyo,Myles,Binton,mbinton2@google.co.jp,103-827-6275,49 Dahle Avenue,https://tripod.com/blandit/ultrices.png?cras=nisl&mi=nunc&pede=rhoncus&malesuada=dui&in=vel&imperdiet=sem&et=sed&commodo=sagittis&vulputate=nam&justo=congue&in=risus&blandit=semper&ultrices=porta&enim=volutpat&lorem=quam&ipsum=pede&dolor=lobortis&sit=ligula&amet=sit&consectetuer=amet&adipiscing=eleifend&elit=pede&proin=libero,In Review,Wants more examples,1/20/2024
4,78,Jabbertype,Colly,Sarson,csarson3@miibeian.gov.cn,169-897-8221,3564 Amoth Way,https://gov.uk/mi/nulla.aspx?cras=felis&in=donec&purus=semper&eu=sapien&magna=a&vulputate=libero&luctus=nam&cum=dui&sociis=proin&natoque=leo&penatibus=odio&et=porttitor&magnis=id&dis=consequat&parturient=in&montes=consequat&nascetur=ut&ridiculus=nulla&mus=sed&vivamus=accumsan&vestibulum=felis&sagittis=ut&sapien=at&cum=dolor&sociis=quis&natoque=odio&penatibus=consequat&et=varius&magnis=integer&dis=ac,Contacted,Not a fit for now,1/6/2023
5,16,Buzzster,Carey,Sapena,csapena4@spiegel.de,668-312-1596,07212 Hollow Ridge Pass,https://wiley.com/vulputate/ut/ultrices/vel/augue/vestibulum/ante.html?sollicitudin=a&mi=pede&sit=posuere&amet=nonummy&lobortis=integer&sapien=non&sapien=velit&non=donec&mi=diam&integer=neque&ac=vestibulum&neque=eget&duis=vulputate&bibendum=ut&morbi=ultrices&non=vel&quam=augue&nec=vestibulum&dui=ante&luctus=ipsum&rutrum=primis&nulla=in&tellus=faucibus&in=orci&sagittis=luctus&dui=et&vel=ultrices&nisl=posuere&duis=cubilia&ac=curae&nibh=donec&fusce=pharetra&lacus=magna&purus=vestibulum&aliquet=aliquet&at=ultrices&feugiat=erat&non=tortor&pretium=sollicitudin&quis=mi&lectus=sit&suspendisse=amet&potenti=lobortis&in=sapien&eleifend=sapien&quam=non&a=mi&odio=integer&in=ac&hac=neque&habitasse=duis&platea=bibendum&dictumst=morbi&maecenas=non&ut=quam&massa=nec&quis=dui&augue=luctus&luctus=rutrum&tincidunt=nulla&nulla=tellus&mollis=in&molestie=sagittis&lorem=dui&quisque=vel&ut=nisl&erat=duis&curabitur=ac&gravida=nibh&nisi=fusce&at=lacus&nibh=purus&in=aliquet&hac=at&habitasse=feugiat&platea=non&dictumst=pretium&aliquam=quis&augue=lectus&quam=suspendisse&sollicitudin=potenti&vitae=in&consectetuer=eleifend&eget=quam&rutrum=a,Closed Lost,Interested in free trial,12/17/2024
6,5,Feedfire,Delores,Nijs,dnijs5@netlog.com,616-463-1046,52 Glacier Hill Road,https://sphinn.com/parturient/montes/nascetur/ridiculus.jpg?consequat=nam&in=congue&consequat=risus&ut=semper&nulla=porta&sed=volutpat&accumsan=quam&felis=pede&ut=lobortis&at=ligula&dolor=sit&quis=amet&odio=eleifend&consequat=pede&varius=libero&integer=quis&ac=orci&leo=nullam&pellentesque=molestie&ultrices=nibh&mattis=in&odio=lectus&donec=pellentesque&vitae=at&nisi=nulla&nam=suspendisse&ultrices=potenti&libero=cras&non=in&mattis=purus&pulvinar=eu&nulla=magna&pede=vulputate&ullamcorper=luctus,Contacted,Needs executive buy-in,10/24/2024
7,74,Vitz,Alta,Tremelling,atremelling6@google.nl,181-128-3594,3 Hagan Alley,http://github.io/cum/sociis.png?dictumst=faucibus&morbi=accumsan&vestibulum=odio&velit=curabitur&id=convallis&pretium=duis&iaculis=consequat&diam=dui&erat=nec&fermentum=nisi&justo=volutpat&nec=eleifend&condimentum=donec&neque=ut&sapien=dolor&placerat=morbi&ante=vel&nulla=lectus&justo=in&aliquam=quam&quis=fringilla&turpis=rhoncus&eget=mauris&elit=enim&sodales=leo&scelerisque=rhoncus&mauris=sed&sit=vestibulum&amet=sit&eros=amet&suspendisse=cursus&accumsan=id&tortor=turpis&quis=integer&turpis=aliquet&sed=massa&ante=id&vivamus=lobortis&tortor=convallis&duis=tortor&mattis=risus&egestas=dapibus&metus=augue&aenean=vel&fermentum=accumsan&donec=tellus&ut=nisi&mauris=eu&eget=orci&massa=mauris&tempor=lacinia&convallis=sapien&nulla=quis&neque=libero&libero=nullam&convallis=sit&eget=amet&eleifend=turpis,Contacted,Not the right time,7/14/2024
8,71,Latz,Lesly,Tharme,ltharme7@cpanel.net,850-724-8655,3677 Manufacturers Place,http://mediafire.com/ultrices/phasellus/id/sapien/in/sapien.jsp?lacinia=tortor&eget=id&tincidunt=nulla&eget=ultrices&tempus=aliquet&vel=maecenas&pede=leo&morbi=odio&porttitor=condimentum&lorem=id&id=luctus&ligula=nec&suspendisse=molestie&ornare=sed&consequat=justo&lectus=pellentesque&in=viverra&est=pede&risus=ac&auctor=diam&sed=cras&tristique=pellentesque&in=volutpat&tempus=dui&sit=maecenas&amet=tristique&sem=est&fusce=et&consequat=tempus&nulla=semper&nisl=est&nunc=quam&nisl=pharetra&duis=magna&bibendum=ac&felis=consequat&sed=metus&interdum=sapien&venenatis=ut&turpis=nunc&enim=vestibulum&blandit=ante&mi=ipsum&in=primis&porttitor=in&pede=faucibus&justo=orci&eu=luctus&massa=et&donec=ultrices&dapibus=posuere&duis=cubilia&at=curae&velit=mauris&eu=viverra&est=diam&congue=vitae&elementum=quam&in=suspendisse&hac=potenti&habitasse=nullam&platea=porttitor&dictumst=lacus&morbi=at&vestibulum=turpis&velit=donec&id=posuere&pretium=metus&iaculis=vitae&diam=ipsum&erat=aliquam&fermentum=non&justo=mauris&nec=morbi&condimentum=non&neque=lectus&sapien=aliquam&placerat=sit&ante=amet&nulla=diam&justo=in&aliquam=magna,In Review,Discussed competitor,6/30/2023
9,40,Yacero,Raffaello,Putterill,rputterill8@reference.com,397-249-3273,91 Mcguire Crossing,https://istockphoto.com/nunc/rhoncus/dui/vel/sem/sed.html?duis=in&ac=hac&nibh=habitasse&fusce=platea&lacus=dictumst&purus=aliquam&aliquet=augue&at=quam&feugiat=sollicitudin&non=vitae&pretium=consectetuer&quis=eget&lectus=rutrum&suspendisse=at&potenti=lorem&in=integer&eleifend=tincidunt&quam=ante&a=vel,Negotiating,Sent proposal,1/13/2025
10,64,Talane,Iolanthe,Eatttok,ieatttok9@ning.com,611-786-7362,6 Pankratz Circle,http://canalblog.com/urna/pretium/nisl.jpg?odio=penatibus&condimentum=et&id=magnis&luctus=dis&nec=parturient&molestie=montes&sed=nascetur&justo=ridiculus&pellentesque=mus&viverra=etiam&pede=vel&ac=augue&diam=vestibulum&cras=rutrum&pellentesque=rutrum&volutpat=neque&dui=aenean&maecenas=auctor,Closed Lost,Requested pricing info,7/28/2024
11,17,Devpoint,Allyn,Nuttall,anuttalla@t.co,894-419-9579,52 Lotheville Alley,http://ca.gov/varius/ut.jpg?in=interdum&faucibus=eu&orci=tincidunt&luctus=in&et=leo&ultrices=maecenas&posuere=pulvinar&cubilia=lobortis&curae=est&duis=phasellus&faucibus=sit&accumsan=amet&odio=erat&curabitur=nulla&convallis=tempus&duis=vivamus&consequat=in&dui=felis&nec=eu&nisi=sapien&volutpat=cursus&eleifend=vestibulum&donec=proin&ut=eu&dolor=mi&morbi=nulla&vel=ac&lectus=enim&in=in&quam=tempor&fringilla=turpis&rhoncus=nec&mauris=euismod&enim=scelerisque&leo=quam&rhoncus=turpis&sed=adipiscing&vestibulum=lorem&sit=vitae&amet=mattis&cursus=nibh&id=ligula&turpis=nec&integer=sem&aliquet=duis&massa=aliquam&id=convallis&lobortis=nunc&convallis=proin&tortor=at&risus=turpis&dapibus=a&augue=pede&vel=posuere&accumsan=nonummy&tellus=integer&nisi=non&eu=velit&orci=donec&mauris=diam&lacinia=neque&sapien=vestibulum&quis=eget&libero=vulputate&nullam=ut&sit=ultrices&amet=vel&turpis=augue&elementum=vestibulum&ligula=ante&vehicula=ipsum&consequat=primis&morbi=in&a=faucibus&ipsum=orci&integer=luctus&a=et&nibh=ultrices&in=posuere&quis=cubilia&justo=curae,Negotiating,Discussed competitor,3/3/2023
12,9,Blognation,Jesse,Freschi,jfreschib@state.gov,799-844-9378,45216 Del Mar Lane,https://feedburner.com/tortor/id/nulla/ultrices.xml?primis=tortor&in=sollicitudin&faucibus=mi&orci=sit&luctus=amet&et=lobortis&ultrices=sapien&posuere=sapien&cubilia=non&curae=mi&duis=integer&faucibus=ac&accumsan=neque&odio=duis&curabitur=bibendum&convallis=morbi&duis=non&consequat=quam&dui=nec&nec=dui&nisi=luctus&volutpat=rutrum&eleifend=nulla&donec=tellus&ut=in&dolor=sagittis&morbi=dui&vel=vel&lectus=nisl&in=duis&quam=ac&fringilla=nibh&rhoncus=fusce&mauris=lacus&enim=purus&leo=aliquet&rhoncus=at&sed=feugiat&vestibulum=non&sit=pretium,In Review,Wants more examples,1/27/2025
13,43,Viva,Waylin,Rosenbloom,wrosenbloomc@scribd.com,662-773-2201,1 Reinke Parkway,https://google.de/ultrices/phasellus/id/sapien/in/sapien/iaculis.jsp?risus=fusce&dapibus=lacus&augue=purus&vel=aliquet&accumsan=at&tellus=feugiat&nisi=non&eu=pretium&orci=quis&mauris=lectus&lacinia=suspendisse&sapien=potenti&quis=in&libero=eleifend&nullam=quam&sit=a&amet=odio&turpis=in&elementum=hac&ligula=habitasse&vehicula=platea&consequat=dictumst&morbi=maecenas&a=ut&ipsum=massa&integer=quis&a=augue&nibh=luctus&in=tincidunt&quis=nulla&justo=mollis&maecenas=molestie&rhoncus=lorem&aliquam=quisque&lacus=ut&morbi=erat&quis=curabitur&tortor=gravida&id=nisi&nulla=at&ultrices=nibh&aliquet=in&maecenas=hac&leo=habitasse&odio=platea&condimentum=dictumst&id=aliquam&luctus=augue&nec=quam&molestie=sollicitudin&sed=vitae&justo=consectetuer&pellentesque=eget&viverra=rutrum&pede=at&ac=lorem&diam=integer&cras=tincidunt&pellentesque=ante&volutpat=vel&dui=ipsum&maecenas=praesent&tristique=blandit&est=lacinia&et=erat&tempus=vestibulum&semper=sed&est=magna&quam=at&pharetra=nunc&magna=commodo&ac=placerat&consequat=praesent&metus=blandit&sapien=nam&ut=nulla&nunc=integer&vestibulum=pede&ante=justo&ipsum=lacinia&primis=eget,Negotiating,Following up in two days,11/5/2023
14,47,Omba,Katha,Winspur,kwinspurd@163.com,589-246-1261,5 2nd Parkway,https://qq.com/habitasse/platea/dictumst/aliquam.aspx?vivamus=rutrum&tortor=nulla&duis=nunc&mattis=purus&egestas=phasellus&metus=in&aenean=felis&fermentum=donec&donec=semper&ut=sapien&mauris=a&eget=libero&massa=nam&tempor=dui&convallis=proin&nulla=leo&neque=odio&libero=porttitor&convallis=id&eget=consequat&eleifend=in&luctus=consequat&ultricies=ut&eu=nulla&nibh=sed&quisque=accumsan&id=felis&justo=ut&sit=at&amet=dolor&sapien=quis&dignissim=odio&vestibulum=consequat&vestibulum=varius&ante=integer&ipsum=ac&primis=leo&in=pellentesque&faucibus=ultrices,In Review,Needs legal review,1/29/2023
15,22,Yamia,Dagny,Boissieux,dboissieuxe@xrea.com,865-482-5567,047 Westport Point,https://pbs.org/lectus/in.js?at=imperdiet&nibh=sapien&in=urna&hac=pretium&habitasse=nisl&platea=ut&dictumst=volutpat&aliquam=sapien&augue=arcu&quam=sed&sollicitudin=augue&vitae=aliquam&consectetuer=erat&eget=volutpat&rutrum=in&at=congue&lorem=etiam&integer=justo&tincidunt=etiam&ante=pretium&vel=iaculis&ipsum=justo&praesent=in&blandit=hac&lacinia=habitasse&erat=platea&vestibulum=dictumst&sed=etiam&magna=faucibus&at=cursus&nunc=urna&commodo=ut&placerat=tellus,Contacted,Reviewing with manager,11/4/2023
16,13,Talane,Zacharia,Clink,zclinkf@hexun.com,431-492-4742,4787 Continental Point,https://yellowbook.com/consequat/dui/nec/nisi.js?volutpat=molestie&quam=hendrerit&pede=at&lobortis=vulputate&ligula=vitae&sit=nisl&amet=aenean&eleifend=lectus&pede=pellentesque&libero=eget&quis=nunc&orci=donec&nullam=quis&molestie=orci&nibh=eget&in=orci&lectus=vehicula&pellentesque=condimentum&at=curabitur&nulla=in&suspendisse=libero&potenti=ut&cras=massa&in=volutpat&purus=convallis&eu=morbi&magna=odio&vulputate=odio&luctus=elementum&cum=eu&sociis=interdum&natoque=eu&penatibus=tincidunt&et=in&magnis=leo&dis=maecenas&parturient=pulvinar&montes=lobortis&nascetur=est&ridiculus=phasellus&mus=sit&vivamus=amet&vestibulum=erat&sagittis=nulla&sapien=tempus&cum=vivamus&sociis=in&natoque=felis&penatibus=eu&et=sapien&magnis=cursus&dis=vestibulum&parturient=proin&montes=eu&nascetur=mi&ridiculus=nulla&mus=ac&etiam=enim&vel=in&augue=tempor&vestibulum=turpis&rutrum=nec&rutrum=euismod&neque=scelerisque&aenean=quam&auctor=turpis&gravida=adipiscing&sem=lorem&praesent=vitae,New,Reviewing with manager,7/10/2024
17,33,Eamia,Emmet,Cocci,ecoccig@ezinearticles.com,986-901-9750,6551 Cambridge Hill,http://e-recht24.de/sit/amet/sem/fusce/consequat/nulla.xml?volutpat=elementum&quam=in&pede=hac&lobortis=habitasse&ligula=platea&sit=dictumst&amet=morbi&eleifend=vestibulum&pede=velit&libero=id&quis=pretium&orci=iaculis&nullam=diam&molestie=erat&nibh=fermentum&in=justo&lectus=nec&pellentesque=condimentum&at=neque&nulla=sapien&suspendisse=placerat&potenti=ante&cras=nulla&in=justo&purus=aliquam&eu=quis&magna=turpis&vulputate=eget&luctus=elit&cum=sodales&sociis=scelerisque&natoque=mauris&penatibus=sit&et=amet&magnis=eros&dis=suspendisse&parturient=accumsan&montes=tortor&nascetur=quis&ridiculus=turpis&mus=sed&vivamus=ante&vestibulum=vivamus&sagittis=tortor&sapien=duis&cum=mattis&sociis=egestas&natoque=metus&penatibus=aenean&et=fermentum&magnis=donec&dis=ut&parturient=mauris&montes=eget&nascetur=massa&ridiculus=tempor&mus=convallis&etiam=nulla&vel=neque&augue=libero&vestibulum=convallis&rutrum=eget&rutrum=eleifend&neque=luctus&aenean=ultricies&auctor=eu&gravida=nibh&sem=quisque&praesent=id&id=justo&massa=sit,Closed Lost,Likes product unsure of budget,4/26/2023
18,70,Realblab,Annice,Diamond,adiamondh@ebay.co.uk,774-872-8575,8 Leroy Parkway,http://netscape.com/iaculis/diam/erat/fermentum/justo/nec.png?dolor=metus&morbi=sapien&vel=ut&lectus=nunc&in=vestibulum&quam=ante&fringilla=ipsum&rhoncus=primis&mauris=in&enim=faucibus&leo=orci&rhoncus=luctus&sed=et&vestibulum=ultrices&sit=posuere&amet=cubilia&cursus=curae&id=mauris&turpis=viverra&integer=diam&aliquet=vitae&massa=quam&id=suspendisse&lobortis=potenti&convallis=nullam&tortor=porttitor&risus=lacus&dapibus=at&augue=turpis&vel=donec&accumsan=posuere&tellus=metus&nisi=vitae&eu=ipsum&orci=aliquam&mauris=non&lacinia=mauris&sapien=morbi&quis=non&libero=lectus&nullam=aliquam&sit=sit&amet=amet&turpis=diam,Negotiating,Interested in free trial,11/8/2023
19,14,Zooveo,Daryle,Tydeman,dtydemani@umich.edu,746-626-6121,38 Ruskin Street,http://nature.com/vivamus/vestibulum/sagittis/sapien/cum/sociis/natoque.json?nulla=sagittis&ut=nam&erat=congue&id=risus&mauris=semper&vulputate=porta&elementum=volutpat&nullam=quam&varius=pede&nulla=lobortis&facilisi=ligula&cras=sit&non=amet&velit=eleifend&nec=pede&nisi=libero&vulputate=quis&nonummy=orci&maecenas=nullam&tincidunt=molestie&lacus=nibh&at=in&velit=lectus&vivamus=pellentesque&vel=at&nulla=nulla&eget=suspendisse&eros=potenti&elementum=cras&pellentesque=in&quisque=purus&porta=eu&volutpat=magna&erat=vulputate&quisque=luctus&erat=cum&eros=sociis&viverra=natoque&eget=penatibus&congue=et&eget=magnis&semper=dis&rutrum=parturient&nulla=montes&nunc=nascetur&purus=ridiculus&phasellus=mus&in=vivamus&felis=vestibulum&donec=sagittis&semper=sapien&sapien=cum&a=sociis&libero=natoque&nam=penatibus&dui=et&proin=magnis&leo=dis&odio=parturient&porttitor=montes&id=nascetur&consequat=ridiculus&in=mus&consequat=etiam&ut=vel&nulla=augue&sed=vestibulum&accumsan=rutrum&felis=rutrum&ut=neque&at=aenean&dolor=auctor&quis=gravida&odio=sem&consequat=praesent&varius=id&integer=massa&ac=id&leo=nisl&pellentesque=venenatis&ultrices=lacinia&mattis=aenean&odio=sit&donec=amet&vitae=justo&nisi=morbi&nam=ut&ultrices=odio&libero=cras,In Review,Scheduled follow-up call,4/21/2023
20,1,Tagpad,Klemens,Kenset,kkensetj@google.es,254-285-5299,8 Bartillon Trail,https://over-blog.com/eget/orci.xml?euismod=ante&scelerisque=ipsum&quam=primis&turpis=in&adipiscing=faucibus&lorem=orci&vitae=luctus&mattis=et&nibh=ultrices&ligula=posuere&nec=cubilia&sem=curae&duis=nulla&aliquam=dapibus&convallis=dolor&nunc=vel&proin=est&at=donec&turpis=odio&a=justo&pede=sollicitudin&posuere=ut&nonummy=suscipit&integer=a&non=feugiat&velit=et&donec=eros&diam=vestibulum&neque=ac&vestibulum=est&eget=lacinia&vulputate=nisi,Closed Lost,Rescheduled call,10/14/2023
21,63,Mydo,Hurley,Temblett,htemblettk@dion.ne.jp,105-120-1000,36 Upham Way,https://altervista.org/leo.js?dapibus=cursus&dolor=id&vel=turpis&est=integer&donec=aliquet&odio=massa&justo=id&sollicitudin=lobortis&ut=convallis&suscipit=tortor&a=risus&feugiat=dapibus&et=augue&eros=vel&vestibulum=accumsan&ac=tellus&est=nisi&lacinia=eu&nisi=orci&venenatis=mauris&tristique=lacinia&fusce=sapien&congue=quis&diam=libero&id=nullam&ornare=sit&imperdiet=amet&sapien=turpis&urna=elementum&pretium=ligula&nisl=vehicula&ut=consequat&volutpat=morbi&sapien=a&arcu=ipsum&sed=integer&augue=a&aliquam=nibh&erat=in&volutpat=quis&in=justo&congue=maecenas&etiam=rhoncus&justo=aliquam&etiam=lacus&pretium=morbi&iaculis=quis&justo=tortor&in=id&hac=nulla&habitasse=ultrices&platea=aliquet&dictumst=maecenas&etiam=leo&faucibus=odio&cursus=condimentum&urna=id&ut=luctus&tellus=nec&nulla=molestie&ut=sed&erat=justo&id=pellentesque&mauris=viverra&vulputate=pede&elementum=ac&nullam=diam&varius=cras&nulla=pellentesque&facilisi=volutpat&cras=dui&non=maecenas&velit=tristique&nec=est&nisi=et&vulputate=tempus&nonummy=semper&maecenas=est&tincidunt=quam&lacus=pharetra&at=magna&velit=ac&vivamus=consequat&vel=metus&nulla=sapien&eget=ut&eros=nunc&elementum=vestibulum&pellentesque=ante&quisque=ipsum&porta=primis&volutpat=in&erat=faucibus&quisque=orci&erat=luctus&eros=et,In Review,Added to newsletter,5/20/2024
22,45,Dynabox,Pru,Girogetti,pgirogettil@hatena.ne.jp,770-544-7188,32 Upham Drive,https://dailymail.co.uk/auctor/sed/tristique.aspx?pede=blandit&justo=non&eu=interdum&massa=in&donec=ante&dapibus=vestibulum&duis=ante&at=ipsum&velit=primis&eu=in&est=faucibus&congue=orci&elementum=luctus&in=et&hac=ultrices&habitasse=posuere&platea=cubilia&dictumst=curae&morbi=duis&vestibulum=faucibus&velit=accumsan&id=odio&pretium=curabitur&iaculis=convallis&diam=duis&erat=consequat&fermentum=dui&justo=nec&nec=nisi&condimentum=volutpat&neque=eleifend&sapien=donec&placerat=ut&ante=dolor&nulla=morbi&justo=vel&aliquam=lectus&quis=in&turpis=quam&eget=fringilla&elit=rhoncus&sodales=mauris&scelerisque=enim&mauris=leo&sit=rhoncus&amet=sed&eros=vestibulum&suspendisse=sit&accumsan=amet&tortor=cursus&quis=id&turpis=turpis&sed=integer&ante=aliquet&vivamus=massa&tortor=id&duis=lobortis&mattis=convallis&egestas=tortor&metus=risus&aenean=dapibus&fermentum=augue&donec=vel&ut=accumsan&mauris=tellus&eget=nisi&massa=eu&tempor=orci&convallis=mauris&nulla=lacinia&neque=sapien&libero=quis&convallis=libero&eget=nullam&eleifend=sit&luctus=amet&ultricies=turpis&eu=elementum&nibh=ligula&quisque=vehicula,In Review,Sent proposal,7/22/2024
23,55,Lajo,Karla,Tregent,ktregentm@hc360.com,313-161-0248,8183 Towne Plaza,https://bravesites.com/volutpat/convallis/morbi/odio/odio/elementum/eu.html?fringilla=pede&rhoncus=malesuada&mauris=in&enim=imperdiet&leo=et&rhoncus=commodo&sed=vulputate&vestibulum=justo&sit=in&amet=blandit&cursus=ultrices&id=enim&turpis=lorem&integer=ipsum&aliquet=dolor&massa=sit&id=amet&lobortis=consectetuer&convallis=adipiscing&tortor=elit&risus=proin&dapibus=interdum&augue=mauris&vel=non&accumsan=ligula&tellus=pellentesque&nisi=ultrices&eu=phasellus&orci=id&mauris=sapien&lacinia=in&sapien=sapien&quis=iaculis&libero=congue&nullam=vivamus&sit=metus&amet=arcu&turpis=adipiscing&elementum=molestie&ligula=hendrerit&vehicula=at&consequat=vulputate&morbi=vitae&a=nisl&ipsum=aenean&integer=lectus&a=pellentesque&nibh=eget&in=nunc&quis=donec&justo=quis&maecenas=orci&rhoncus=eget&aliquam=orci&lacus=vehicula,Closed Lost,Awaiting response,9/20/2023
24,56,Flipstorm,Merridie,Sears,msearsn@hostgator.com,124-855-5881,559 Hazelcrest Parkway,http://51.la/consequat/lectus/in/est.png?pede=fusce&venenatis=congue&non=diam&sodales=id&sed=ornare&tincidunt=imperdiet&eu=sapien&felis=urna&fusce=pretium&posuere=nisl&felis=ut&sed=volutpat&lacus=sapien&morbi=arcu&sem=sed&mauris=augue&laoreet=aliquam&ut=erat&rhoncus=volutpat&aliquet=in&pulvinar=congue&sed=etiam&nisl=justo&nunc=etiam&rhoncus=pretium&dui=iaculis&vel=justo&sem=in&sed=hac&sagittis=habitasse&nam=platea&congue=dictumst&risus=etiam&semper=faucibus&porta=cursus&volutpat=urna&quam=ut&pede=tellus&lobortis=nulla&ligula=ut&sit=erat&amet=id&eleifend=mauris&pede=vulputate&libero=elementum&quis=nullam&orci=varius&nullam=nulla&molestie=facilisi&nibh=cras&in=non,Contacted,Not the right time,10/12/2024
25,69,Realbuzz,Kenna,Colecrough,kcolecrougho@wp.com,301-333-6959,29 Westport Trail,https://unc.edu/id/ornare/imperdiet/sapien/urna/pretium/nisl.json?eros=viverra&vestibulum=pede&ac=ac&est=diam&lacinia=cras&nisi=pellentesque&venenatis=volutpat&tristique=dui&fusce=maecenas&congue=tristique&diam=est&id=et&ornare=tempus&imperdiet=semper&sapien=est&urna=quam&pretium=pharetra&nisl=magna&ut=ac&volutpat=consequat&sapien=metus&arcu=sapien&sed=ut&augue=nunc&aliquam=vestibulum&erat=ante&volutpat=ipsum&in=primis&congue=in&etiam=faucibus&justo=orci&etiam=luctus&pretium=et&iaculis=ultrices&justo=posuere&in=cubilia&hac=curae&habitasse=mauris&platea=viverra&dictumst=diam&etiam=vitae&faucibus=quam&cursus=suspendisse&urna=potenti&ut=nullam&tellus=porttitor&nulla=lacus&ut=at&erat=turpis&id=donec&mauris=posuere&vulputate=metus&elementum=vitae&nullam=ipsum&varius=aliquam&nulla=non&facilisi=mauris,Contacted,Forwarded deck,4/11/2024
26,15,JumpXS,Auberta,Freed,afreedp@prweb.com,265-673-1876,446 Melrose Road,https://nifty.com/vitae/consectetuer/eget.png?in=sapien&libero=cursus&ut=vestibulum&massa=proin&volutpat=eu&convallis=mi&morbi=nulla&odio=ac&odio=enim&elementum=in&eu=tempor&interdum=turpis&eu=nec&tincidunt=euismod&in=scelerisque&leo=quam&maecenas=turpis&pulvinar=adipiscing&lobortis=lorem&est=vitae&phasellus=mattis&sit=nibh&amet=ligula&erat=nec&nulla=sem&tempus=duis&vivamus=aliquam&in=convallis&felis=nunc&eu=proin&sapien=at,Closed Lost,Rescheduled call,3/9/2024
27,7,Brainsphere,Rosalia,Jefferson,rjeffersonq@netvibes.com,972-262-0273,7910 Caliangt Junction,https://parallels.com/ultrices/libero/non/mattis/pulvinar.png?ultrices=praesent&posuere=blandit&cubilia=nam&curae=nulla&nulla=integer&dapibus=pede&dolor=justo&vel=lacinia&est=eget&donec=tincidunt&odio=eget&justo=tempus&sollicitudin=vel&ut=pede&suscipit=morbi&a=porttitor&feugiat=lorem&et=id&eros=ligula&vestibulum=suspendisse&ac=ornare&est=consequat&lacinia=lectus&nisi=in&venenatis=est&tristique=risus&fusce=auctor&congue=sed&diam=tristique&id=in&ornare=tempus&imperdiet=sit&sapien=amet&urna=sem&pretium=fusce&nisl=consequat&ut=nulla&volutpat=nisl&sapien=nunc&arcu=nisl&sed=duis&augue=bibendum&aliquam=felis&erat=sed&volutpat=interdum&in=venenatis&congue=turpis&etiam=enim&justo=blandit&etiam=mi&pretium=in&iaculis=porttitor&justo=pede&in=justo&hac=eu&habitasse=massa&platea=donec&dictumst=dapibus&etiam=duis&faucibus=at&cursus=velit&urna=eu&ut=est&tellus=congue&nulla=elementum&ut=in&erat=hac&id=habitasse&mauris=platea&vulputate=dictumst&elementum=morbi&nullam=vestibulum&varius=velit&nulla=id&facilisi=pretium&cras=iaculis&non=diam&velit=erat&nec=fermentum&nisi=justo&vulputate=nec&nonummy=condimentum&maecenas=neque&tincidunt=sapien&lacus=placerat&at=ante&velit=nulla&vivamus=justo&vel=aliquam&nulla=quis&eget=turpis&eros=eget&elementum=elit,Negotiating,Left voicemail,12/25/2024
28,18,Mydo,Lorianne,Oppy,loppyr@edublogs.org,449-854-1978,76 Texas Avenue,http://sciencedaily.com/viverra/dapibus/nulla.json?ac=vehicula&nulla=condimentum&sed=curabitur&vel=in&enim=libero&sit=ut&amet=massa&nunc=volutpat&viverra=convallis&dapibus=morbi&nulla=odio&suscipit=odio&ligula=elementum&in=eu&lacus=interdum&curabitur=eu&at=tincidunt&ipsum=in&ac=leo&tellus=maecenas&semper=pulvinar&interdum=lobortis&mauris=est&ullamcorper=phasellus,Contacted,Left voicemail,7/6/2023
29,8,Dabjam,Aurelea,Gilbride,agilbrides@gravatar.com,961-281-1490,1485 Maryland Center,https://macromedia.com/est/lacinia/nisi.html?at=sed&vulputate=sagittis&vitae=nam&nisl=congue&aenean=risus&lectus=semper&pellentesque=porta&eget=volutpat&nunc=quam&donec=pede&quis=lobortis&orci=ligula&eget=sit&orci=amet&vehicula=eleifend&condimentum=pede&curabitur=libero&in=quis&libero=orci&ut=nullam&massa=molestie&volutpat=nibh&convallis=in&morbi=lectus&odio=pellentesque&odio=at&elementum=nulla&eu=suspendisse&interdum=potenti&eu=cras&tincidunt=in&in=purus&leo=eu&maecenas=magna&pulvinar=vulputate&lobortis=luctus&est=cum&phasellus=sociis&sit=natoque&amet=penatibus&erat=et&nulla=magnis&tempus=dis&vivamus=parturient&in=montes&felis=nascetur&eu=ridiculus&sapien=mus&cursus=vivamus&vestibulum=vestibulum&proin=sagittis&eu=sapien&mi=cum&nulla=sociis&ac=natoque&enim=penatibus&in=et&tempor=magnis&turpis=dis&nec=parturient&euismod=montes&scelerisque=nascetur&quam=ridiculus&turpis=mus&adipiscing=etiam&lorem=vel&vitae=augue&mattis=vestibulum&nibh=rutrum&ligula=rutrum&nec=neque&sem=aenean&duis=auctor&aliquam=gravida&convallis=sem&nunc=praesent&proin=id&at=massa&turpis=id&a=nisl&pede=venenatis&posuere=lacinia&nonummy=aenean&integer=sit&non=amet&velit=justo&donec=morbi&diam=ut&neque=odio&vestibulum=cras&eget=mi&vulputate=pede&ut=malesuada&ultrices=in&vel=imperdiet&augue=et&vestibulum=commodo&ante=vulputate,Closed Won,Interested in free trial,5/4/2024
30,65,Brainlounge,Ajay,Fraulo,afraulot@flavors.me,407-309-4191,752 American Way,https://msn.com/nibh/in/lectus/pellentesque/at.aspx?nec=consequat&euismod=dui&scelerisque=nec&quam=nisi&turpis=volutpat&adipiscing=eleifend&lorem=donec&vitae=ut&mattis=dolor&nibh=morbi&ligula=vel&nec=lectus&sem=in&duis=quam&aliquam=fringilla&convallis=rhoncus,Contacted,Likes product unsure of budget,9/5/2024
31,80,Edgeclub,Alon,Goudge,agoudgeu@booking.com,855-876-7066,5 Stone Corner Plaza,http://hostgator.com/sit/amet/erat/nulla.aspx?morbi=bibendum&quis=imperdiet&tortor=nullam&id=orci&nulla=pede&ultrices=venenatis&aliquet=non&maecenas=sodales&leo=sed&odio=tincidunt&condimentum=eu&id=felis&luctus=fusce&nec=posuere&molestie=felis&sed=sed&justo=lacus&pellentesque=morbi&viverra=sem&pede=mauris&ac=laoreet&diam=ut&cras=rhoncus&pellentesque=aliquet&volutpat=pulvinar&dui=sed&maecenas=nisl&tristique=nunc&est=rhoncus&et=dui&tempus=vel&semper=sem&est=sed&quam=sagittis&pharetra=nam&magna=congue&ac=risus&consequat=semper&metus=porta&sapien=volutpat&ut=quam&nunc=pede&vestibulum=lobortis&ante=ligula&ipsum=sit&primis=amet&in=eleifend&faucibus=pede&orci=libero&luctus=quis&et=orci&ultrices=nullam&posuere=molestie&cubilia=nibh&curae=in&mauris=lectus&viverra=pellentesque&diam=at&vitae=nulla&quam=suspendisse&suspendisse=potenti&potenti=cras&nullam=in&porttitor=purus&lacus=eu&at=magna&turpis=vulputate&donec=luctus&posuere=cum&metus=sociis&vitae=natoque&ipsum=penatibus&aliquam=et&non=magnis&mauris=dis&morbi=parturient&non=montes&lectus=nascetur&aliquam=ridiculus&sit=mus&amet=vivamus&diam=vestibulum,Closed Lost,Passed along to partner,12/11/2023
32,62,Gabtype,Eugenia,Sandeland,esandelandv@arizona.edu,746-597-3196,84 Transport Pass,http://wix.com/orci/nullam/molestie/nibh/in/lectus.jsp?cras=aenean&in=fermentum&purus=donec&eu=ut&magna=mauris&vulputate=eget&luctus=massa&cum=tempor&sociis=convallis&natoque=nulla&penatibus=neque&et=libero&magnis=convallis&dis=eget&parturient=eleifend&montes=luctus&nascetur=ultricies&ridiculus=eu&mus=nibh&vivamus=quisque&vestibulum=id&sagittis=justo&sapien=sit&cum=amet&sociis=sapien&natoque=dignissim&penatibus=vestibulum&et=vestibulum&magnis=ante&dis=ipsum&parturient=primis&montes=in&nascetur=faucibus&ridiculus=orci&mus=luctus&etiam=et&vel=ultrices&augue=posuere&vestibulum=cubilia&rutrum=curae&rutrum=nulla&neque=dapibus&aenean=dolor&auctor=vel&gravida=est&sem=donec&praesent=odio&id=justo&massa=sollicitudin&id=ut&nisl=suscipit&venenatis=a&lacinia=feugiat&aenean=et&sit=eros&amet=vestibulum&justo=ac&morbi=est&ut=lacinia&odio=nisi&cras=venenatis&mi=tristique&pede=fusce&malesuada=congue&in=diam&imperdiet=id&et=ornare&commodo=imperdiet&vulputate=sapien&justo=urna&in=pretium&blandit=nisl&ultrices=ut&enim=volutpat&lorem=sapien&ipsum=arcu&dolor=sed&sit=augue&amet=aliquam&consectetuer=erat&adipiscing=volutpat,Negotiating,Interested in free trial,2/23/2023
33,51,Zooveo,Maren,Bowkett,mbowkettw@jugem.jp,673-834-3664,3512 Fisk Parkway,https://wunderground.com/turpis/eget/elit/sodales/scelerisque.jsp?orci=vivamus&nullam=vestibulum&molestie=sagittis&nibh=sapien&in=cum&lectus=sociis&pellentesque=natoque&at=penatibus&nulla=et&suspendisse=magnis&potenti=dis&cras=parturient&in=montes&purus=nascetur&eu=ridiculus&magna=mus,New,Left voicemail,3/27/2024
34,3,Aibox,Rycca,Erskin,rerskinx@webeden.co.uk,479-713-3467,7 Tony Way,https://wikimedia.org/sem/praesent.png?eget=molestie&elit=lorem&sodales=quisque&scelerisque=ut&mauris=erat&sit=curabitur&amet=gravida&eros=nisi&suspendisse=at&accumsan=nibh&tortor=in&quis=hac&turpis=habitasse&sed=platea&ante=dictumst&vivamus=aliquam&tortor=augue&duis=quam&mattis=sollicitudin&egestas=vitae&metus=consectetuer&aenean=eget&fermentum=rutrum&donec=at&ut=lorem&mauris=integer&eget=tincidunt&massa=ante&tempor=vel&convallis=ipsum&nulla=praesent&neque=blandit&libero=lacinia&convallis=erat&eget=vestibulum&eleifend=sed&luctus=magna&ultricies=at&eu=nunc&nibh=commodo&quisque=placerat&id=praesent,Contacted,Wants to see case studies,12/30/2023
35,48,Zoomlounge,Norbie,Vasyukhin,nvasyukhiny@ucoz.com,757-637-5540,20303 Orin Point,http://imgur.com/amet/nulla/quisque.aspx?phasellus=ipsum&sit=praesent&amet=blandit&erat=lacinia&nulla=erat&tempus=vestibulum&vivamus=sed&in=magna&felis=at&eu=nunc&sapien=commodo&cursus=placerat&vestibulum=praesent&proin=blandit&eu=nam&mi=nulla&nulla=integer&ac=pede&enim=justo&in=lacinia&tempor=eget&turpis=tincidunt&nec=eget&euismod=tempus&scelerisque=vel&quam=pede&turpis=morbi&adipiscing=porttitor&lorem=lorem&vitae=id&mattis=ligula&nibh=suspendisse&ligula=ornare&nec=consequat&sem=lectus&duis=in&aliquam=est&convallis=risus&nunc=auctor&proin=sed&at=tristique&turpis=in&a=tempus&pede=sit&posuere=amet&nonummy=sem&integer=fusce&non=consequat&velit=nulla&donec=nisl&diam=nunc&neque=nisl&vestibulum=duis&eget=bibendum&vulputate=felis&ut=sed&ultrices=interdum&vel=venenatis&augue=turpis&vestibulum=enim&ante=blandit&ipsum=mi&primis=in&in=porttitor&faucibus=pede&orci=justo&luctus=eu&et=massa&ultrices=donec&posuere=dapibus&cubilia=duis&curae=at&donec=velit,Contacted,Rescheduled call,10/29/2024
36,38,Dynabox,Brice,Gunny,bgunnyz@lycos.com,634-554-1132,47369 Vernon Point,http://nasa.gov/ac/lobortis/vel/dapibus/at.html?luctus=ac&cum=leo&sociis=pellentesque&natoque=ultrices&penatibus=mattis&et=odio&magnis=donec&dis=vitae&parturient=nisi&montes=nam&nascetur=ultrices&ridiculus=libero&mus=non&vivamus=mattis&vestibulum=pulvinar&sagittis=nulla&sapien=pede&cum=ullamcorper&sociis=augue&natoque=a&penatibus=suscipit&et=nulla&magnis=elit&dis=ac&parturient=nulla&montes=sed&nascetur=vel&ridiculus=enim&mus=sit&etiam=amet&vel=nunc&augue=viverra&vestibulum=dapibus&rutrum=nulla&rutrum=suscipit&neque=ligula&aenean=in&auctor=lacus&gravida=curabitur&sem=at&praesent=ipsum&id=ac&massa=tellus&id=semper&nisl=interdum&venenatis=mauris&lacinia=ullamcorper&aenean=purus&sit=sit&amet=amet&justo=nulla&morbi=quisque&ut=arcu&odio=libero&cras=rutrum&mi=ac&pede=lobortis&malesuada=vel&in=dapibus&imperdiet=at&et=diam&commodo=nam&vulputate=tristique,Contacted,Wants to see case studies,5/11/2024
37,57,Dabfeed,Shae,Feakins,sfeakins10@diigo.com,810-371-6465,30411 Summer Ridge Lane,http://cdbaby.com/mauris/lacinia/sapien/quis/libero/nullam/sit.png?gravida=venenatis&sem=turpis&praesent=enim&id=blandit&massa=mi,Contacted,Likes product unsure of budget,6/6/2023
38,20,Leenti,Bancroft,Coggles,bcoggles11@pagesperso-orange.fr,116-952-2245,903 Dahle Junction,http://auda.org.au/vel.jsp?eget=sit&rutrum=amet&at=cursus&lorem=id&integer=turpis&tincidunt=integer&ante=aliquet&vel=massa&ipsum=id&praesent=lobortis&blandit=convallis&lacinia=tortor&erat=risus&vestibulum=dapibus&sed=augue&magna=vel&at=accumsan&nunc=tellus&commodo=nisi&placerat=eu&praesent=orci&blandit=mauris&nam=lacinia&nulla=sapien&integer=quis,Contacted,Wants more examples,8/4/2024
39,72,Quamba,Patrice,Bushen,pbushen12@springer.com,153-320-1863,13050 Service Street,https://illinois.edu/mauris/vulputate/elementum/nullam.jsp?convallis=aenean&nulla=auctor&neque=gravida&libero=sem&convallis=praesent&eget=id&eleifend=massa&luctus=id&ultricies=nisl&eu=venenatis&nibh=lacinia&quisque=aenean&id=sit&justo=amet&sit=justo&amet=morbi&sapien=ut&dignissim=odio&vestibulum=cras&vestibulum=mi&ante=pede&ipsum=malesuada&primis=in&in=imperdiet&faucibus=et&orci=commodo&luctus=vulputate&et=justo&ultrices=in&posuere=blandit&cubilia=ultrices&curae=enim&nulla=lorem&dapibus=ipsum&dolor=dolor&vel=sit&est=amet&donec=consectetuer&odio=adipiscing&justo=elit&sollicitudin=proin&ut=interdum&suscipit=mauris&a=non&feugiat=ligula&et=pellentesque&eros=ultrices&vestibulum=phasellus&ac=id&est=sapien&lacinia=in&nisi=sapien&venenatis=iaculis&tristique=congue&fusce=vivamus&congue=metus&diam=arcu&id=adipiscing&ornare=molestie&imperdiet=hendrerit&sapien=at&urna=vulputate&pretium=vitae&nisl=nisl&ut=aenean&volutpat=lectus&sapien=pellentesque&arcu=eget&sed=nunc&augue=donec&aliquam=quis&erat=orci&volutpat=eget&in=orci&congue=vehicula&etiam=condimentum&justo=curabitur&etiam=in&pretium=libero&iaculis=ut&justo=massa&in=volutpat&hac=convallis&habitasse=morbi&platea=odio,Closed Won,Waiting for budget approval,10/1/2023
40,27,Devify,Fidole,Stoney,fstoney13@mlb.com,517-900-8823,9199 Blue Bill Park Terrace,https://lulu.com/ipsum/primis/in/faucibus/orci.json?risus=et&praesent=tempus&lectus=semper&vestibulum=est&quam=quam&sapien=pharetra&varius=magna&ut=ac&blandit=consequat,Closed Lost,Following up in two days,4/26/2023
41,23,Yozio,Kylila,Shailer,kshailer14@infoseek.co.jp,284-238-6945,5 Aberg Trail,https://mtv.com/elit/proin/interdum/mauris.json?semper=sapien,Closed Lost,Reviewing with manager,10/27/2023
42,19,Youbridge,Cyndi,Steinson,csteinson15@hhs.gov,805-469-7897,54102 Monument Alley,https://uol.com.br/nec/nisi/vulputate/nonummy/maecenas/tincidunt.jpg?molestie=donec&nibh=dapibus&in=duis&lectus=at&pellentesque=velit&at=eu&nulla=est&suspendisse=congue&potenti=elementum&cras=in&in=hac&purus=habitasse&eu=platea&magna=dictumst&vulputate=morbi&luctus=vestibulum&cum=velit&sociis=id&natoque=pretium&penatibus=iaculis&et=diam&magnis=erat&dis=fermentum&parturient=justo&montes=nec&nascetur=condimentum&ridiculus=neque&mus=sapien&vivamus=placerat&vestibulum=ante&sagittis=nulla&sapien=justo&cum=aliquam&sociis=quis&natoque=turpis&penatibus=eget&et=elit&magnis=sodales&dis=scelerisque&parturient=mauris&montes=sit&nascetur=amet&ridiculus=eros&mus=suspendisse,Negotiating,Introduced to second decision-maker,4/23/2024
43,44,Fiveclub,Aldis,Medlen,amedlen16@blog.com,171-232-9967,69 Doe Crossing Plaza,https://bloglovin.com/at/diam.json?ultrices=morbi&vel=a&augue=ipsum&vestibulum=integer&ante=a&ipsum=nibh&primis=in&in=quis&faucibus=justo&orci=maecenas&luctus=rhoncus&et=aliquam&ultrices=lacus&posuere=morbi&cubilia=quis&curae=tortor&donec=id&pharetra=nulla&magna=ultrices&vestibulum=aliquet&aliquet=maecenas&ultrices=leo&erat=odio&tortor=condimentum&sollicitudin=id&mi=luctus&sit=nec&amet=molestie&lobortis=sed&sapien=justo&sapien=pellentesque&non=viverra&mi=pede&integer=ac&ac=diam&neque=cras,New,Internal team reviewing,7/10/2023
44,66,Realcube,Leeann,Kinloch,lkinloch17@icio.us,548-460-3519,91911 Sachs Plaza,http://mayoclinic.com/curae.html?amet=dictumst&lobortis=maecenas&sapien=ut&sapien=massa&non=quis&mi=augue&integer=luctus&ac=tincidunt&neque=nulla&duis=mollis&bibendum=molestie&morbi=lorem&non=quisque&quam=ut&nec=erat&dui=curabitur&luctus=gravida&rutrum=nisi&nulla=at&tellus=nibh&in=in&sagittis=hac&dui=habitasse&vel=platea&nisl=dictumst&duis=aliquam&ac=augue&nibh=quam&fusce=sollicitudin&lacus=vitae&purus=consectetuer&aliquet=eget&at=rutrum&feugiat=at&non=lorem&pretium=integer&quis=tincidunt&lectus=ante&suspendisse=vel&potenti=ipsum&in=praesent&eleifend=blandit&quam=lacinia&a=erat&odio=vestibulum&in=sed&hac=magna&habitasse=at&platea=nunc&dictumst=commodo&maecenas=placerat&ut=praesent&massa=blandit&quis=nam&augue=nulla&luctus=integer&tincidunt=pede&nulla=justo&mollis=lacinia&molestie=eget&lorem=tincidunt&quisque=eget&ut=tempus&erat=vel&curabitur=pede&gravida=morbi&nisi=porttitor&at=lorem&nibh=id&in=ligula&hac=suspendisse,In Review,Needs Q2 launch,5/25/2023
45,30,Dabjam,Alonso,Ottery,aottery18@stanford.edu,829-618-6327,0100 Rusk Junction,https://pinterest.com/felis/eu/sapien/cursus/vestibulum/proin/eu.json?vivamus=sollicitudin&metus=mi&arcu=sit&adipiscing=amet&molestie=lobortis&hendrerit=sapien&at=sapien&vulputate=non&vitae=mi&nisl=integer&aenean=ac&lectus=neque&pellentesque=duis&eget=bibendum&nunc=morbi&donec=non&quis=quam&orci=nec&eget=dui&orci=luctus&vehicula=rutrum&condimentum=nulla&curabitur=tellus&in=in&libero=sagittis&ut=dui&massa=vel&volutpat=nisl&convallis=duis&morbi=ac&odio=nibh&odio=fusce&elementum=lacus&eu=purus&interdum=aliquet&eu=at&tincidunt=feugiat&in=non&leo=pretium&maecenas=quis&pulvinar=lectus&lobortis=suspendisse&est=potenti&phasellus=in&sit=eleifend&amet=quam&erat=a&nulla=odio&tempus=in&vivamus=hac&in=habitasse&felis=platea&eu=dictumst&sapien=maecenas&cursus=ut&vestibulum=massa&proin=quis&eu=augue&mi=luctus&nulla=tincidunt&ac=nulla&enim=mollis&in=molestie&tempor=lorem&turpis=quisque&nec=ut&euismod=erat&scelerisque=curabitur&quam=gravida&turpis=nisi&adipiscing=at&lorem=nibh&vitae=in&mattis=hac&nibh=habitasse&ligula=platea&nec=dictumst&sem=aliquam&duis=augue&aliquam=quam&convallis=sollicitudin,Contacted,Sent intro email,1/19/2023
46,21,Jaxworks,Rochette,Blurton,rblurton19@adobe.com,320-259-5681,2 Almo Park,https://cbc.ca/ac/consequat.jsp?pharetra=proin&magna=interdum&vestibulum=mauris&aliquet=non&ultrices=ligula&erat=pellentesque&tortor=ultrices&sollicitudin=phasellus&mi=id&sit=sapien&amet=in&lobortis=sapien&sapien=iaculis&sapien=congue&non=vivamus&mi=metus&integer=arcu&ac=adipiscing&neque=molestie&duis=hendrerit&bibendum=at&morbi=vulputate&non=vitae&quam=nisl&nec=aenean&dui=lectus&luctus=pellentesque&rutrum=eget&nulla=nunc&tellus=donec&in=quis&sagittis=orci&dui=eget&vel=orci&nisl=vehicula&duis=condimentum&ac=curabitur&nibh=in&fusce=libero&lacus=ut&purus=massa&aliquet=volutpat&at=convallis&feugiat=morbi&non=odio&pretium=odio&quis=elementum&lectus=eu&suspendisse=interdum&potenti=eu&in=tincidunt&eleifend=in&quam=leo&a=maecenas&odio=pulvinar&in=lobortis&hac=est&habitasse=phasellus&platea=sit&dictumst=amet&maecenas=erat&ut=nulla&massa=tempus&quis=vivamus&augue=in&luctus=felis&tincidunt=eu&nulla=sapien&mollis=cursus&molestie=vestibulum,Contacted,Discussed competitor,1/18/2025
47,37,Quinu,Karlyn,Fennelly,kfennelly1a@nifty.com,853-213-3496,99 Bluejay Court,https://cpanel.net/vulputate.jpg?imperdiet=sodales&sapien=sed&urna=tincidunt&pretium=eu&nisl=felis&ut=fusce&volutpat=posuere&sapien=felis&arcu=sed,Negotiating,No answer on call,4/11/2024
48,31,DabZ,Brier,Imloch,bimloch1b@behance.net,577-914-4468,40679 2nd Alley,http://comsenz.com/a/nibh/in/quis/justo/maecenas/rhoncus.aspx?ipsum=adipiscing&primis=molestie&in=hendrerit&faucibus=at&orci=vulputate&luctus=vitae&et=nisl&ultrices=aenean,Negotiating,Attending upcoming demo,1/17/2025
49,36,Lajo,Wilie,Pass,wpass1c@etsy.com,190-358-2048,30412 Nancy Trail,https://1688.com/in/tempus/sit/amet.jsp?molestie=consequat&hendrerit=ut&at=nulla&vulputate=sed&vitae=accumsan&nisl=felis&aenean=ut&lectus=at&pellentesque=dolor&eget=quis&nunc=odio&donec=consequat&quis=varius&orci=integer&eget=ac&orci=leo&vehicula=pellentesque&condimentum=ultrices&curabitur=mattis&in=odio&libero=donec&ut=vitae&massa=nisi&volutpat=nam&convallis=ultrices&morbi=libero&odio=non&odio=mattis&elementum=pulvinar&eu=nulla&interdum=pede&eu=ullamcorper&tincidunt=augue&in=a&leo=suscipit&maecenas=nulla&pulvinar=elit&lobortis=ac&est=nulla&phasellus=sed&sit=vel&amet=enim&erat=sit&nulla=amet&tempus=nunc&vivamus=viverra&in=dapibus&felis=nulla&eu=suscipit&sapien=ligula&cursus=in&vestibulum=lacus&proin=curabitur&eu=at&mi=ipsum&nulla=ac&ac=tellus&enim=semper&in=interdum&tempor=mauris&turpis=ullamcorper&nec=purus&euismod=sit&scelerisque=amet&quam=nulla&turpis=quisque&adipiscing=arcu&lorem=libero&vitae=rutrum&mattis=ac&nibh=lobortis&ligula=vel&nec=dapibus&sem=at&duis=diam,Closed Won,Negotiating pricing,1/6/2025
50,6,Linkbuzz,Lorilyn,Iacoboni,liacoboni1d@howstuffworks.com,724-297-8904,3387 Hanson Park,https://ucoz.com/sit.png?eleifend=sollicitudin&luctus=mi&ultricies=sit&eu=amet&nibh=lobortis&quisque=sapien&id=sapien&justo=non&sit=mi&amet=integer&sapien=ac&dignissim=neque&vestibulum=duis&vestibulum=bibendum&ante=morbi&ipsum=non&primis=quam&in=nec&faucibus=dui&orci=luctus&luctus=rutrum&et=nulla&ultrices=tellus&posuere=in&cubilia=sagittis&curae=dui&nulla=vel&dapibus=nisl&dolor=duis&vel=ac&est=nibh&donec=fusce&odio=lacus&justo=purus&sollicitudin=aliquet&ut=at&suscipit=feugiat&a=non&feugiat=pretium&et=quis&eros=lectus&vestibulum=suspendisse&ac=potenti&est=in&lacinia=eleifend&nisi=quam&venenatis=a&tristique=odio&fusce=in&congue=hac&diam=habitasse&id=platea&ornare=dictumst&imperdiet=maecenas&sapien=ut&urna=massa&pretium=quis&nisl=augue&ut=luctus&volutpat=tincidunt&sapien=nulla&arcu=mollis&sed=molestie&augue=lorem&aliquam=quisque&erat=ut&volutpat=erat&in=curabitur&congue=gravida&etiam=nisi&justo=at&etiam=nibh&pretium=in&iaculis=hac&justo=habitasse&in=platea&hac=dictumst&habitasse=aliquam&platea=augue&dictumst=quam&etiam=sollicitudin&faucibus=vitae&cursus=consectetuer&urna=eget&ut=rutrum&tellus=at&nulla=lorem&ut=integer&erat=tincidunt&id=ante&mauris=vel&vulputate=ipsum,Closed Lost,Said to reach back next week,3/2/2025
